gnbid,type,timestamp,MM5G_NULL,SM5G_PDU_SESSION_INACTIVE,MM5G_DEREGISTERED,MM5G_REGISTERED_INITIATED,MM5G_REGISTERED,SM5G_PDU_SESSION_ACTIVE_PENDING
0000000000,0,undefined,NaN,NaN,NaN,NaN,NaN,NaN
0000000001,0,undefined,NaN,NaN,NaN,NaN,NaN,NaN
0000000002,0,undefined,NaN,NaN,NaN,NaN,NaN,NaN
0000000003,0,undefined,NaN,NaN,NaN,NaN,NaN,NaN
0000000004,0,undefined,NaN,NaN,NaN,NaN,NaN,NaN
0000000005,0,undefined,NaN,NaN,NaN,NaN,NaN,NaN
0000000006,0,undefined,NaN,NaN,NaN,NaN,NaN,NaN
0000000007,0,undefined,NaN,NaN,NaN,NaN,NaN,NaN
0000000008,0,undefined,NaN,NaN,NaN,NaN,NaN,NaN
0000000009,0,undefined,NaN,NaN,NaN,NaN,NaN,NaN
0000000010,0,undefined,NaN,NaN,NaN,NaN,NaN,NaN
0000000011,0,undefined,NaN,NaN,NaN,NaN,NaN,NaN
0000000012,0,undefined,NaN,NaN,NaN,NaN,NaN,NaN
0000000013,0,undefined,NaN,NaN,NaN,NaN,NaN,NaN
0000000014,0,undefined,NaN,NaN,NaN,NaN,NaN,NaN
0000000015,0,undefined,NaN,NaN,NaN,NaN,NaN,NaN
0000000016,0,undefined,NaN,NaN,NaN,NaN,NaN,NaN
0000000017,0,undefined,NaN,NaN,NaN,NaN,NaN,NaN
0000000018,0,undefined,NaN,NaN,NaN,NaN,NaN,NaN
0000000019,0,undefined,NaN,NaN,NaN,NaN,NaN,NaN
0000000020,0,undefined,NaN,NaN,NaN,NaN,NaN,NaN
0000000021,0,undefined,NaN,NaN,NaN,NaN,NaN,NaN
0000000022,0,undefined,NaN,NaN,NaN,NaN,NaN,NaN
0000000023,0,undefined,NaN,NaN,NaN,NaN,NaN,NaN
0000000024,0,undefined,NaN,NaN,NaN,NaN,NaN,NaN
0000000025,0,undefined,NaN,NaN,NaN,NaN,NaN,NaN
0000000026,0,undefined,NaN,NaN,NaN,NaN,NaN,NaN
0000000027,0,undefined,NaN,NaN,NaN,NaN,NaN,NaN
0000000028,0,undefined,NaN,NaN,NaN,NaN,NaN,NaN
0000000029,0,undefined,NaN,NaN,NaN,NaN,NaN,NaN
0000000030,0,undefined,NaN,NaN,NaN,NaN,NaN,NaN
0000000031,0,undefined,NaN,NaN,NaN,NaN,NaN,NaN
0000000032,0,undefined,NaN,NaN,NaN,NaN,NaN,NaN
0000000033,0,undefined,NaN,NaN,NaN,NaN,NaN,NaN
0000000034,0,undefined,NaN,NaN,NaN,NaN,NaN,NaN
0000000035,0,undefined,NaN,NaN,NaN,NaN,NaN,NaN
0000000036,0,undefined,NaN,NaN,NaN,NaN,NaN,NaN
0000000037,0,undefined,NaN,NaN,NaN,NaN,NaN,NaN
0000000038,0,undefined,NaN,NaN,NaN,NaN,NaN,NaN
0000000039,0,undefined,NaN,NaN,NaN,NaN,NaN,NaN
0000000040,0,undefined,NaN,NaN,NaN,NaN,NaN,NaN
0000000041,0,undefined,NaN,NaN,NaN,NaN,NaN,NaN
0000000042,0,undefined,NaN,NaN,NaN,NaN,NaN,NaN
0000000043,0,undefined,NaN,NaN,NaN,NaN,NaN,NaN
0000000044,0,undefined,NaN,NaN,NaN,NaN,NaN,NaN
0000000045,0,undefined,NaN,NaN,NaN,NaN,NaN,NaN
0000000046,0,undefined,NaN,NaN,NaN,NaN,NaN,NaN
0000000047,0,undefined,NaN,NaN,NaN,NaN,NaN,NaN
0000000048,0,undefined,NaN,NaN,NaN,NaN,NaN,NaN
0000000049,0,undefined,NaN,NaN,NaN,NaN,NaN,NaN
0000000050,0,undefined,NaN,NaN,NaN,NaN,NaN,NaN
0000000051,0,undefined,NaN,NaN,NaN,NaN,NaN,NaN
0000000052,0,undefined,NaN,NaN,NaN,NaN,NaN,NaN
0000000053,0,undefined,NaN,NaN,NaN,NaN,NaN,NaN
0000000054,0,undefined,NaN,NaN,NaN,NaN,NaN,NaN
0000000055,0,undefined,NaN,NaN,NaN,NaN,NaN,NaN
0000000056,0,undefined,NaN,NaN,NaN,NaN,NaN,NaN
0000000057,0,undefined,NaN,NaN,NaN,NaN,NaN,NaN
0000000058,0,undefined,NaN,NaN,NaN,NaN,NaN,NaN
0000000059,0,undefined,NaN,NaN,NaN,NaN,NaN,NaN
0000000060,0,undefined,NaN,NaN,NaN,NaN,NaN,NaN
0000000061,0,undefined,NaN,NaN,NaN,NaN,NaN,NaN
0000000062,0,undefined,NaN,NaN,NaN,NaN,NaN,NaN
0000000063,0,undefined,NaN,NaN,NaN,NaN,NaN,NaN
0000000064,0,undefined,NaN,NaN,NaN,NaN,NaN,NaN
0000000065,0,undefined,NaN,NaN,NaN,NaN,NaN,NaN
0000000066,0,undefined,NaN,NaN,NaN,NaN,NaN,NaN
0000000067,0,undefined,NaN,NaN,NaN,NaN,NaN,NaN
0000000068,0,undefined,NaN,NaN,NaN,NaN,NaN,NaN
0000000069,0,undefined,NaN,NaN,NaN,NaN,NaN,NaN
0000000070,0,undefined,NaN,NaN,NaN,NaN,NaN,NaN
0000000071,0,undefined,NaN,NaN,NaN,NaN,NaN,NaN
0000000072,0,undefined,NaN,NaN,NaN,NaN,NaN,NaN
0000000073,0,undefined,NaN,NaN,NaN,NaN,NaN,NaN
0000000074,0,undefined,NaN,NaN,NaN,NaN,NaN,NaN
0000000075,0,undefined,NaN,NaN,NaN,NaN,NaN,NaN
0000000076,0,undefined,NaN,NaN,NaN,NaN,NaN,NaN
0000000077,0,undefined,NaN,NaN,NaN,NaN,NaN,NaN
0000000078,0,undefined,NaN,NaN,NaN,NaN,NaN,NaN
0000000079,0,undefined,NaN,NaN,NaN,NaN,NaN,NaN
0000000080,0,undefined,NaN,NaN,NaN,NaN,NaN,NaN
0000000081,0,undefined,NaN,NaN,NaN,NaN,NaN,NaN
0000000082,0,undefined,NaN,NaN,NaN,NaN,NaN,NaN
0000000083,0,undefined,NaN,NaN,NaN,NaN,NaN,NaN
0000000084,0,undefined,NaN,NaN,NaN,NaN,NaN,NaN
0000000085,0,undefined,NaN,NaN,NaN,NaN,NaN,NaN
0000000086,0,undefined,NaN,NaN,NaN,NaN,NaN,NaN
0000000087,0,undefined,NaN,NaN,NaN,NaN,NaN,NaN
0000000088,0,undefined,NaN,NaN,NaN,NaN,NaN,NaN
0000000089,0,undefined,NaN,NaN,NaN,NaN,NaN,NaN
0000000090,0,undefined,NaN,NaN,NaN,NaN,NaN,NaN
0000000091,0,undefined,NaN,NaN,NaN,NaN,NaN,NaN
0000000092,0,undefined,NaN,NaN,NaN,NaN,NaN,NaN
0000000093,0,undefined,NaN,NaN,NaN,NaN,NaN,NaN
0000000094,0,undefined,NaN,NaN,NaN,NaN,NaN,NaN
0000000095,0,undefined,NaN,NaN,NaN,NaN,NaN,NaN
0000000096,0,undefined,NaN,NaN,NaN,NaN,NaN,NaN
0000000097,0,undefined,NaN,NaN,NaN,NaN,NaN,NaN
0000000098,0,undefined,NaN,NaN,NaN,NaN,NaN,NaN
0000000099,0,undefined,NaN,NaN,NaN,NaN,NaN,NaN
0000000100,0,undefined,NaN,NaN,NaN,NaN,NaN,NaN
0000000101,0,undefined,NaN,NaN,NaN,NaN,NaN,NaN
0000000102,0,undefined,NaN,NaN,NaN,NaN,NaN,NaN
0000000103,0,undefined,NaN,NaN,NaN,NaN,NaN,NaN
0000000104,0,undefined,NaN,NaN,NaN,NaN,NaN,NaN
0000000105,0,undefined,NaN,NaN,NaN,NaN,NaN,NaN
0000000106,0,undefined,NaN,NaN,NaN,NaN,NaN,NaN
0000000107,0,undefined,NaN,NaN,NaN,NaN,NaN,NaN
0000000108,0,undefined,NaN,NaN,NaN,NaN,NaN,NaN
0000000109,0,undefined,NaN,NaN,NaN,NaN,NaN,NaN
0000000110,0,undefined,NaN,NaN,NaN,NaN,NaN,NaN
0000000111,0,undefined,NaN,NaN,NaN,NaN,NaN,NaN
0000000112,0,undefined,NaN,NaN,NaN,NaN,NaN,NaN
0000000113,0,undefined,NaN,NaN,NaN,NaN,NaN,NaN
0000000114,0,undefined,NaN,NaN,NaN,NaN,NaN,NaN
0000000115,0,undefined,NaN,NaN,NaN,NaN,NaN,NaN
0000000116,0,undefined,NaN,NaN,NaN,NaN,NaN,NaN
0000000117,0,undefined,NaN,NaN,NaN,NaN,NaN,NaN
0000000118,0,undefined,NaN,NaN,NaN,NaN,NaN,NaN
0000000119,0,undefined,NaN,NaN,NaN,NaN,NaN,NaN
0000000120,0,undefined,NaN,NaN,NaN,NaN,NaN,NaN
0000000121,0,undefined,NaN,NaN,NaN,NaN,NaN,NaN
0000000122,0,undefined,NaN,NaN,NaN,NaN,NaN,NaN
0000000123,0,undefined,NaN,NaN,NaN,NaN,NaN,NaN
0000000124,0,undefined,NaN,NaN,NaN,NaN,NaN,NaN
0000000125,0,undefined,NaN,NaN,NaN,NaN,NaN,NaN
0000000126,0,undefined,NaN,NaN,NaN,NaN,NaN,NaN
0000000127,0,undefined,NaN,NaN,NaN,NaN,NaN,NaN
0000000128,0,undefined,NaN,NaN,NaN,NaN,NaN,NaN
0000000129,0,undefined,NaN,NaN,NaN,NaN,NaN,NaN
0000000130,0,undefined,NaN,NaN,NaN,NaN,NaN,NaN
0000000131,0,undefined,NaN,NaN,NaN,NaN,NaN,NaN
0000000132,0,undefined,NaN,NaN,NaN,NaN,NaN,NaN
0000000133,0,undefined,NaN,NaN,NaN,NaN,NaN,NaN
0000000134,0,undefined,NaN,NaN,NaN,NaN,NaN,NaN
0000000135,0,undefined,NaN,NaN,NaN,NaN,NaN,NaN
0000000136,0,undefined,NaN,NaN,NaN,NaN,NaN,NaN
0000000137,0,undefined,NaN,NaN,NaN,NaN,NaN,NaN
0000000138,0,undefined,NaN,NaN,NaN,NaN,NaN,NaN
0000000139,0,undefined,NaN,NaN,NaN,NaN,NaN,NaN
0000000140,0,undefined,NaN,NaN,NaN,NaN,NaN,NaN
0000000141,0,undefined,NaN,NaN,NaN,NaN,NaN,NaN
0000000142,0,undefined,NaN,NaN,NaN,NaN,NaN,NaN
0000000143,0,undefined,NaN,NaN,NaN,NaN,NaN,NaN
0000000144,0,undefined,NaN,NaN,NaN,NaN,NaN,NaN
0000000145,0,undefined,NaN,NaN,NaN,NaN,NaN,NaN
0000000146,0,undefined,NaN,NaN,NaN,NaN,NaN,NaN
0000000147,0,undefined,NaN,NaN,NaN,NaN,NaN,NaN
0000000148,0,undefined,NaN,NaN,NaN,NaN,NaN,NaN
0000000149,0,undefined,NaN,NaN,NaN,NaN,NaN,NaN
0000000150,0,undefined,NaN,NaN,NaN,NaN,NaN,NaN
0000000151,0,undefined,NaN,NaN,NaN,NaN,NaN,NaN
0000000152,0,undefined,NaN,NaN,NaN,NaN,NaN,NaN
0000000153,0,undefined,NaN,NaN,NaN,NaN,NaN,NaN
0000000154,0,undefined,NaN,NaN,NaN,NaN,NaN,NaN
0000000155,0,undefined,NaN,NaN,NaN,NaN,NaN,NaN
0000000156,0,undefined,NaN,NaN,NaN,NaN,NaN,NaN
0000000157,0,undefined,NaN,NaN,NaN,NaN,NaN,NaN
0000000158,0,undefined,NaN,NaN,NaN,NaN,NaN,NaN
0000000159,0,undefined,NaN,NaN,NaN,NaN,NaN,NaN
0000000160,0,undefined,NaN,NaN,NaN,NaN,NaN,NaN
0000000161,0,undefined,NaN,NaN,NaN,NaN,NaN,NaN
0000000162,0,undefined,NaN,NaN,NaN,NaN,NaN,NaN
0000000163,0,undefined,NaN,NaN,NaN,NaN,NaN,NaN
0000000164,0,undefined,NaN,NaN,NaN,NaN,NaN,NaN
0000000165,0,undefined,NaN,NaN,NaN,NaN,NaN,NaN
0000000166,0,undefined,NaN,NaN,NaN,NaN,NaN,NaN
0000000167,0,undefined,NaN,NaN,NaN,NaN,NaN,NaN
0000000168,0,undefined,NaN,NaN,NaN,NaN,NaN,NaN
0000000169,0,undefined,NaN,NaN,NaN,NaN,NaN,NaN
0000000170,0,undefined,NaN,NaN,NaN,NaN,NaN,NaN
0000000171,0,undefined,NaN,NaN,NaN,NaN,NaN,NaN
0000000172,0,undefined,NaN,NaN,NaN,NaN,NaN,NaN
0000000173,0,undefined,NaN,NaN,NaN,NaN,NaN,NaN
0000000174,0,undefined,NaN,NaN,NaN,NaN,NaN,NaN
0000000175,0,undefined,NaN,NaN,NaN,NaN,NaN,NaN
0000000176,0,undefined,NaN,NaN,NaN,NaN,NaN,NaN
0000000177,0,undefined,NaN,NaN,NaN,NaN,NaN,NaN
0000000178,0,undefined,NaN,NaN,NaN,NaN,NaN,NaN
0000000179,0,undefined,NaN,NaN,NaN,NaN,NaN,NaN
0000000180,0,undefined,NaN,NaN,NaN,NaN,NaN,NaN
0000000181,0,undefined,NaN,NaN,NaN,NaN,NaN,NaN
0000000182,0,undefined,NaN,NaN,NaN,NaN,NaN,NaN
0000000183,0,undefined,NaN,NaN,NaN,NaN,NaN,NaN
0000000184,0,undefined,NaN,NaN,NaN,NaN,NaN,NaN
0000000185,0,undefined,NaN,NaN,NaN,NaN,NaN,NaN
0000000186,0,undefined,NaN,NaN,NaN,NaN,NaN,NaN
0000000187,0,undefined,NaN,NaN,NaN,NaN,NaN,NaN
0000000188,0,undefined,NaN,NaN,NaN,NaN,NaN,NaN
0000000189,0,undefined,NaN,NaN,NaN,NaN,NaN,NaN
0000000190,0,undefined,NaN,NaN,NaN,NaN,NaN,NaN
0000000191,0,undefined,NaN,NaN,NaN,NaN,NaN,NaN
0000000192,0,undefined,NaN,NaN,NaN,NaN,NaN,NaN
0000000193,0,undefined,NaN,NaN,NaN,NaN,NaN,NaN
0000000194,0,undefined,NaN,NaN,NaN,NaN,NaN,NaN
0000000195,0,undefined,NaN,NaN,NaN,NaN,NaN,NaN
0000000196,0,undefined,NaN,NaN,NaN,NaN,NaN,NaN
0000000197,0,undefined,NaN,NaN,NaN,NaN,NaN,NaN
0000000198,0,undefined,NaN,NaN,NaN,NaN,NaN,NaN
0000000199,0,undefined,NaN,NaN,NaN,NaN,NaN,NaN
0000000200,0,undefined,NaN,NaN,NaN,NaN,NaN,NaN
0000000201,0,undefined,NaN,NaN,NaN,NaN,NaN,NaN
0000000202,0,undefined,NaN,NaN,NaN,NaN,NaN,NaN
0000000203,0,undefined,NaN,NaN,NaN,NaN,NaN,NaN
0000000204,0,undefined,NaN,NaN,NaN,NaN,NaN,NaN
0000000205,0,undefined,NaN,NaN,NaN,NaN,NaN,NaN
0000000206,0,undefined,NaN,NaN,NaN,NaN,NaN,NaN
0000000207,0,undefined,NaN,NaN,NaN,NaN,NaN,NaN
0000000208,0,undefined,NaN,NaN,NaN,NaN,NaN,NaN
0000000209,0,undefined,NaN,NaN,NaN,NaN,NaN,NaN
0000000210,0,undefined,NaN,NaN,NaN,NaN,NaN,NaN
0000000211,0,undefined,NaN,NaN,NaN,NaN,NaN,NaN
0000000212,0,undefined,NaN,NaN,NaN,NaN,NaN,NaN
0000000213,0,undefined,NaN,NaN,NaN,NaN,NaN,NaN
0000000214,0,undefined,NaN,NaN,NaN,NaN,NaN,NaN
0000000215,0,undefined,NaN,NaN,NaN,NaN,NaN,NaN
0000000216,0,undefined,NaN,NaN,NaN,NaN,NaN,NaN
0000000217,0,undefined,NaN,NaN,NaN,NaN,NaN,NaN
0000000218,0,undefined,NaN,NaN,NaN,NaN,NaN,NaN
0000000219,0,undefined,NaN,NaN,NaN,NaN,NaN,NaN
0000000220,0,undefined,NaN,NaN,NaN,NaN,NaN,NaN
0000000221,0,undefined,NaN,NaN,NaN,NaN,NaN,NaN
0000000222,0,undefined,NaN,NaN,NaN,NaN,NaN,NaN
0000000223,0,undefined,NaN,NaN,NaN,NaN,NaN,NaN
0000000224,0,undefined,NaN,NaN,NaN,NaN,NaN,NaN
0000000225,0,undefined,NaN,NaN,NaN,NaN,NaN,NaN
0000000226,0,undefined,NaN,NaN,NaN,NaN,NaN,NaN
0000000227,0,undefined,NaN,NaN,NaN,NaN,NaN,NaN
0000000228,0,undefined,NaN,NaN,NaN,NaN,NaN,NaN
0000000229,0,undefined,NaN,NaN,NaN,NaN,NaN,NaN
0000000230,0,undefined,NaN,NaN,NaN,NaN,NaN,NaN
0000000231,0,undefined,NaN,NaN,NaN,NaN,NaN,NaN
0000000232,0,undefined,NaN,NaN,NaN,NaN,NaN,NaN
0000000233,0,undefined,NaN,NaN,NaN,NaN,NaN,NaN
0000000234,0,undefined,NaN,NaN,NaN,NaN,NaN,NaN
0000000235,0,undefined,NaN,NaN,NaN,NaN,NaN,NaN
0000000236,0,undefined,NaN,NaN,NaN,NaN,NaN,NaN
0000000237,0,undefined,NaN,NaN,NaN,NaN,NaN,NaN
0000000238,0,undefined,NaN,NaN,NaN,NaN,NaN,NaN
0000000239,0,undefined,NaN,NaN,NaN,NaN,NaN,NaN
0000000240,0,undefined,NaN,NaN,NaN,NaN,NaN,NaN
0000000241,0,undefined,NaN,NaN,NaN,NaN,NaN,NaN
0000000242,0,undefined,NaN,NaN,NaN,NaN,NaN,NaN
0000000243,0,undefined,NaN,NaN,NaN,NaN,NaN,NaN
0000000244,0,undefined,NaN,NaN,NaN,NaN,NaN,NaN
0000000245,0,undefined,NaN,NaN,NaN,NaN,NaN,NaN
0000000246,0,undefined,NaN,NaN,NaN,NaN,NaN,NaN
0000000247,0,undefined,NaN,NaN,NaN,NaN,NaN,NaN
0000000248,0,undefined,NaN,NaN,NaN,NaN,NaN,NaN
0000000249,0,undefined,NaN,NaN,NaN,NaN,NaN,NaN
0000000250,0,undefined,NaN,NaN,NaN,NaN,NaN,NaN
0000000251,0,undefined,NaN,NaN,NaN,NaN,NaN,NaN
0000000252,0,undefined,NaN,NaN,NaN,NaN,NaN,NaN
0000000253,0,undefined,NaN,NaN,NaN,NaN,NaN,NaN
0000000254,0,undefined,NaN,NaN,NaN,NaN,NaN,NaN
0000000255,0,undefined,NaN,NaN,NaN,NaN,NaN,NaN
0000000256,0,undefined,NaN,NaN,NaN,NaN,NaN,NaN
0000000257,0,undefined,NaN,NaN,NaN,NaN,NaN,NaN
0000000258,0,undefined,NaN,NaN,NaN,NaN,NaN,NaN
0000000259,0,undefined,NaN,NaN,NaN,NaN,NaN,NaN
0000000260,0,undefined,NaN,NaN,NaN,NaN,NaN,NaN
0000000261,0,undefined,NaN,NaN,NaN,NaN,NaN,NaN
0000000262,0,undefined,NaN,NaN,NaN,NaN,NaN,NaN
0000000263,0,undefined,NaN,NaN,NaN,NaN,NaN,NaN
0000000264,0,undefined,NaN,NaN,NaN,NaN,NaN,NaN
0000000265,0,undefined,NaN,NaN,NaN,NaN,NaN,NaN
0000000266,0,undefined,NaN,NaN,NaN,NaN,NaN,NaN
0000000267,0,undefined,NaN,NaN,NaN,NaN,NaN,NaN
0000000268,0,undefined,NaN,NaN,NaN,NaN,NaN,NaN
0000000269,0,undefined,NaN,NaN,NaN,NaN,NaN,NaN
0000000270,0,undefined,NaN,NaN,NaN,NaN,NaN,NaN
0000000271,0,undefined,NaN,NaN,NaN,NaN,NaN,NaN
0000000272,0,undefined,NaN,NaN,NaN,NaN,NaN,NaN
0000000273,0,undefined,NaN,NaN,NaN,NaN,NaN,NaN
0000000274,0,undefined,NaN,NaN,NaN,NaN,NaN,NaN
0000000275,0,undefined,NaN,NaN,NaN,NaN,NaN,NaN
0000000276,0,undefined,NaN,NaN,NaN,NaN,NaN,NaN
0000000277,0,undefined,NaN,NaN,NaN,NaN,NaN,NaN
0000000278,0,undefined,NaN,NaN,NaN,NaN,NaN,NaN
0000000279,0,undefined,NaN,NaN,NaN,NaN,NaN,NaN
0000000280,0,undefined,NaN,NaN,NaN,NaN,NaN,NaN
0000000281,0,undefined,NaN,NaN,NaN,NaN,NaN,NaN
0000000282,0,undefined,NaN,NaN,NaN,NaN,NaN,NaN
0000000283,0,undefined,NaN,NaN,NaN,NaN,NaN,NaN
0000000284,0,undefined,NaN,NaN,NaN,NaN,NaN,NaN
0000000285,0,undefined,NaN,NaN,NaN,NaN,NaN,NaN
0000000286,0,undefined,NaN,NaN,NaN,NaN,NaN,NaN
0000000287,0,undefined,NaN,NaN,NaN,NaN,NaN,NaN
0000000288,0,undefined,NaN,NaN,NaN,NaN,NaN,NaN
0000000289,0,undefined,NaN,NaN,NaN,NaN,NaN,NaN
0000000290,0,undefined,NaN,NaN,NaN,NaN,NaN,NaN
0000000291,0,undefined,NaN,NaN,NaN,NaN,NaN,NaN
0000000292,0,undefined,NaN,NaN,NaN,NaN,NaN,NaN
0000000293,0,undefined,NaN,NaN,NaN,NaN,NaN,NaN
0000000294,0,undefined,NaN,NaN,NaN,NaN,NaN,NaN
0000000295,0,undefined,NaN,NaN,NaN,NaN,NaN,NaN
0000000296,0,undefined,NaN,NaN,NaN,NaN,NaN,NaN
0000000297,0,undefined,NaN,NaN,NaN,NaN,NaN,NaN
0000000298,0,undefined,NaN,NaN,NaN,NaN,NaN,NaN
0000000299,0,undefined,NaN,NaN,NaN,NaN,NaN,NaN
0000000300,0,undefined,NaN,NaN,NaN,NaN,NaN,NaN
0000000301,0,undefined,NaN,NaN,NaN,NaN,NaN,NaN
0000000302,0,undefined,NaN,NaN,NaN,NaN,NaN,NaN
0000000303,0,undefined,NaN,NaN,NaN,NaN,NaN,NaN
0000000304,0,undefined,NaN,NaN,NaN,NaN,NaN,NaN
0000000305,0,undefined,NaN,NaN,NaN,NaN,NaN,NaN
0000000306,0,undefined,NaN,NaN,NaN,NaN,NaN,NaN
0000000307,0,undefined,NaN,NaN,NaN,NaN,NaN,NaN
0000000308,0,undefined,NaN,NaN,NaN,NaN,NaN,NaN
0000000309,0,undefined,NaN,NaN,NaN,NaN,NaN,NaN
0000000310,0,undefined,NaN,NaN,NaN,NaN,NaN,NaN
0000000311,0,undefined,NaN,NaN,NaN,NaN,NaN,NaN
0000000312,0,undefined,NaN,NaN,NaN,NaN,NaN,NaN
0000000313,0,undefined,NaN,NaN,NaN,NaN,NaN,NaN
0000000314,0,undefined,NaN,NaN,NaN,NaN,NaN,NaN
0000000315,0,undefined,NaN,NaN,NaN,NaN,NaN,NaN
0000000316,0,undefined,NaN,NaN,NaN,NaN,NaN,NaN
0000000317,0,undefined,NaN,NaN,NaN,NaN,NaN,NaN
0000000318,0,undefined,NaN,NaN,NaN,NaN,NaN,NaN
0000000319,0,undefined,NaN,NaN,NaN,NaN,NaN,NaN
0000000320,0,undefined,NaN,NaN,NaN,NaN,NaN,NaN
0000000321,0,undefined,NaN,NaN,NaN,NaN,NaN,NaN
0000000322,0,undefined,NaN,NaN,NaN,NaN,NaN,NaN
0000000323,0,undefined,NaN,NaN,NaN,NaN,NaN,NaN
0000000324,0,undefined,NaN,NaN,NaN,NaN,NaN,NaN
0000000325,0,undefined,NaN,NaN,NaN,NaN,NaN,NaN
0000000326,0,undefined,NaN,NaN,NaN,NaN,NaN,NaN
0000000327,0,undefined,NaN,NaN,NaN,NaN,NaN,NaN
0000000328,0,undefined,NaN,NaN,NaN,NaN,NaN,NaN
0000000329,0,undefined,NaN,NaN,NaN,NaN,NaN,NaN
0000000330,0,undefined,NaN,NaN,NaN,NaN,NaN,NaN
0000000331,0,undefined,NaN,NaN,NaN,NaN,NaN,NaN
0000000332,0,undefined,NaN,NaN,NaN,NaN,NaN,NaN
0000000333,0,undefined,NaN,NaN,NaN,NaN,NaN,NaN
0000000334,0,undefined,NaN,NaN,NaN,NaN,NaN,NaN
0000000335,0,undefined,NaN,NaN,NaN,NaN,NaN,NaN
0000000336,0,undefined,NaN,NaN,NaN,NaN,NaN,NaN
0000000337,0,undefined,NaN,NaN,NaN,NaN,NaN,NaN
0000000338,0,undefined,NaN,NaN,NaN,NaN,NaN,NaN
0000000339,0,undefined,NaN,NaN,NaN,NaN,NaN,NaN
0000000340,0,undefined,NaN,NaN,NaN,NaN,NaN,NaN
0000000341,0,undefined,NaN,NaN,NaN,NaN,NaN,NaN
0000000342,0,undefined,NaN,NaN,NaN,NaN,NaN,NaN
0000000343,0,undefined,NaN,NaN,NaN,NaN,NaN,NaN
0000000344,0,undefined,NaN,NaN,NaN,NaN,NaN,NaN
0000000345,0,undefined,NaN,NaN,NaN,NaN,NaN,NaN
0000000346,0,undefined,NaN,NaN,NaN,NaN,NaN,NaN
0000000347,0,undefined,NaN,NaN,NaN,NaN,NaN,NaN
0000000348,0,undefined,NaN,NaN,NaN,NaN,NaN,NaN
0000000349,0,undefined,NaN,NaN,NaN,NaN,NaN,NaN
0000000350,0,undefined,NaN,NaN,NaN,NaN,NaN,NaN
0000000351,0,undefined,NaN,NaN,NaN,NaN,NaN,NaN
0000000352,0,undefined,NaN,NaN,NaN,NaN,NaN,NaN
0000000353,0,undefined,NaN,NaN,NaN,NaN,NaN,NaN
0000000354,0,undefined,NaN,NaN,NaN,NaN,NaN,NaN
0000000355,0,undefined,NaN,NaN,NaN,NaN,NaN,NaN
0000000356,0,undefined,NaN,NaN,NaN,NaN,NaN,NaN
0000000357,0,undefined,NaN,NaN,NaN,NaN,NaN,NaN
0000000358,0,undefined,NaN,NaN,NaN,NaN,NaN,NaN
0000000359,0,undefined,NaN,NaN,NaN,NaN,NaN,NaN
0000000360,0,undefined,NaN,NaN,NaN,NaN,NaN,NaN
0000000361,0,undefined,NaN,NaN,NaN,NaN,NaN,NaN
0000000362,0,undefined,NaN,NaN,NaN,NaN,NaN,NaN
0000000363,0,undefined,NaN,NaN,NaN,NaN,NaN,NaN
0000000364,0,undefined,NaN,NaN,NaN,NaN,NaN,NaN
0000000365,0,undefined,NaN,NaN,NaN,NaN,NaN,NaN
0000000366,0,undefined,NaN,NaN,NaN,NaN,NaN,NaN
0000000367,0,undefined,NaN,NaN,NaN,NaN,NaN,NaN
0000000368,0,undefined,NaN,NaN,NaN,NaN,NaN,NaN
0000000369,0,undefined,NaN,NaN,NaN,NaN,NaN,NaN
0000000370,0,undefined,NaN,NaN,NaN,NaN,NaN,NaN
0000000371,0,undefined,NaN,NaN,NaN,NaN,NaN,NaN
0000000372,0,undefined,NaN,NaN,NaN,NaN,NaN,NaN
0000000373,0,undefined,NaN,NaN,NaN,NaN,NaN,NaN
0000000374,0,undefined,NaN,NaN,NaN,NaN,NaN,NaN
0000000375,0,undefined,NaN,NaN,NaN,NaN,NaN,NaN
0000000376,0,undefined,NaN,NaN,NaN,NaN,NaN,NaN
0000000377,0,undefined,NaN,NaN,NaN,NaN,NaN,NaN
0000000378,0,undefined,NaN,NaN,NaN,NaN,NaN,NaN
0000000379,0,undefined,NaN,NaN,NaN,NaN,NaN,NaN
0000000380,0,undefined,NaN,NaN,NaN,NaN,NaN,NaN
0000000381,0,undefined,NaN,NaN,NaN,NaN,NaN,NaN
0000000382,0,undefined,NaN,NaN,NaN,NaN,NaN,NaN
0000000383,0,undefined,NaN,NaN,NaN,NaN,NaN,NaN
0000000384,0,undefined,NaN,NaN,NaN,NaN,NaN,NaN
0000000385,0,undefined,NaN,NaN,NaN,NaN,NaN,NaN
0000000386,0,undefined,NaN,NaN,NaN,NaN,NaN,NaN
0000000387,0,undefined,NaN,NaN,NaN,NaN,NaN,NaN
0000000388,0,undefined,NaN,NaN,NaN,NaN,NaN,NaN
0000000389,0,undefined,NaN,NaN,NaN,NaN,NaN,NaN
0000000390,0,undefined,NaN,NaN,NaN,NaN,NaN,NaN
0000000391,0,undefined,NaN,NaN,NaN,NaN,NaN,NaN
0000000392,0,undefined,NaN,NaN,NaN,NaN,NaN,NaN
0000000393,0,undefined,NaN,NaN,NaN,NaN,NaN,NaN
0000000394,0,undefined,NaN,NaN,NaN,NaN,NaN,NaN
0000000395,0,undefined,NaN,NaN,NaN,NaN,NaN,NaN
0000000396,0,undefined,NaN,NaN,NaN,NaN,NaN,NaN
0000000397,0,undefined,NaN,NaN,NaN,NaN,NaN,NaN
0000000398,0,undefined,NaN,NaN,NaN,NaN,NaN,NaN
0000000399,0,undefined,NaN,NaN,NaN,NaN,NaN,NaN
0000000400,0,undefined,NaN,NaN,NaN,NaN,NaN,NaN
0000000401,0,undefined,NaN,NaN,NaN,NaN,NaN,NaN
0000000402,0,undefined,NaN,NaN,NaN,NaN,NaN,NaN
0000000403,0,undefined,NaN,NaN,NaN,NaN,NaN,NaN
0000000404,0,undefined,NaN,NaN,NaN,NaN,NaN,NaN
0000000405,0,undefined,NaN,NaN,NaN,NaN,NaN,NaN
0000000406,0,undefined,NaN,NaN,NaN,NaN,NaN,NaN
0000000407,0,undefined,NaN,NaN,NaN,NaN,NaN,NaN
0000000408,0,undefined,NaN,NaN,NaN,NaN,NaN,NaN
0000000409,0,undefined,NaN,NaN,NaN,NaN,NaN,NaN
0000000410,0,undefined,NaN,NaN,NaN,NaN,NaN,NaN
0000000411,0,undefined,NaN,NaN,NaN,NaN,NaN,NaN
0000000412,0,undefined,NaN,NaN,NaN,NaN,NaN,NaN
0000000413,0,undefined,NaN,NaN,NaN,NaN,NaN,NaN
0000000414,0,undefined,NaN,NaN,NaN,NaN,NaN,NaN
0000000415,0,undefined,NaN,NaN,NaN,NaN,NaN,NaN
0000000416,0,undefined,NaN,NaN,NaN,NaN,NaN,NaN
0000000417,0,undefined,NaN,NaN,NaN,NaN,NaN,NaN
0000000418,0,undefined,NaN,NaN,NaN,NaN,NaN,NaN
0000000419,0,undefined,NaN,NaN,NaN,NaN,NaN,NaN
0000000420,0,undefined,NaN,NaN,NaN,NaN,NaN,NaN
0000000421,0,undefined,NaN,NaN,NaN,NaN,NaN,NaN
0000000422,0,undefined,NaN,NaN,NaN,NaN,NaN,NaN
0000000423,0,undefined,NaN,NaN,NaN,NaN,NaN,NaN
0000000424,0,undefined,NaN,NaN,NaN,NaN,NaN,NaN
0000000425,0,undefined,NaN,NaN,NaN,NaN,NaN,NaN
0000000426,0,undefined,NaN,NaN,NaN,NaN,NaN,NaN
0000000427,0,undefined,NaN,NaN,NaN,NaN,NaN,NaN
0000000428,0,undefined,NaN,NaN,NaN,NaN,NaN,NaN
0000000429,0,undefined,NaN,NaN,NaN,NaN,NaN,NaN
0000000430,0,undefined,NaN,NaN,NaN,NaN,NaN,NaN
0000000431,0,undefined,NaN,NaN,NaN,NaN,NaN,NaN
0000000432,0,undefined,NaN,NaN,NaN,NaN,NaN,NaN
0000000433,0,undefined,NaN,NaN,NaN,NaN,NaN,NaN
0000000434,0,undefined,NaN,NaN,NaN,NaN,NaN,NaN
0000000435,0,undefined,NaN,NaN,NaN,NaN,NaN,NaN
0000000436,0,undefined,NaN,NaN,NaN,NaN,NaN,NaN
0000000437,0,undefined,NaN,NaN,NaN,NaN,NaN,NaN
0000000438,0,undefined,NaN,NaN,NaN,NaN,NaN,NaN
0000000439,0,undefined,NaN,NaN,NaN,NaN,NaN,NaN
0000000440,0,undefined,NaN,NaN,NaN,NaN,NaN,NaN
0000000441,0,undefined,NaN,NaN,NaN,NaN,NaN,NaN
0000000442,0,undefined,NaN,NaN,NaN,NaN,NaN,NaN
0000000443,0,undefined,NaN,NaN,NaN,NaN,NaN,NaN
0000000444,0,undefined,NaN,NaN,NaN,NaN,NaN,NaN
0000000445,0,undefined,NaN,NaN,NaN,NaN,NaN,NaN
0000000446,0,undefined,NaN,NaN,NaN,NaN,NaN,NaN
0000000447,0,undefined,NaN,NaN,NaN,NaN,NaN,NaN
0000000448,0,undefined,NaN,NaN,NaN,NaN,NaN,NaN
0000000449,0,undefined,NaN,NaN,NaN,NaN,NaN,NaN
0000000450,0,undefined,NaN,NaN,NaN,NaN,NaN,NaN
0000000451,0,undefined,NaN,NaN,NaN,NaN,NaN,NaN
0000000452,0,undefined,NaN,NaN,NaN,NaN,NaN,NaN
0000000453,0,undefined,NaN,NaN,NaN,NaN,NaN,NaN
0000000454,0,undefined,NaN,NaN,NaN,NaN,NaN,NaN
0000000455,0,undefined,NaN,NaN,NaN,NaN,NaN,NaN
0000000456,0,undefined,NaN,NaN,NaN,NaN,NaN,NaN
0000000457,0,undefined,NaN,NaN,NaN,NaN,NaN,NaN
0000000458,0,undefined,NaN,NaN,NaN,NaN,NaN,NaN
0000000459,0,undefined,NaN,NaN,NaN,NaN,NaN,NaN
0000000460,0,undefined,NaN,NaN,NaN,NaN,NaN,NaN
0000000461,0,undefined,NaN,NaN,NaN,NaN,NaN,NaN
0000000462,0,undefined,NaN,NaN,NaN,NaN,NaN,NaN
0000000463,0,undefined,NaN,NaN,NaN,NaN,NaN,NaN
0000000464,0,undefined,NaN,NaN,NaN,NaN,NaN,NaN
0000000465,0,undefined,NaN,NaN,NaN,NaN,NaN,NaN
0000000466,0,undefined,NaN,NaN,NaN,NaN,NaN,NaN
0000000467,0,undefined,NaN,NaN,NaN,NaN,NaN,NaN
0000000468,0,undefined,NaN,NaN,NaN,NaN,NaN,NaN
0000000469,0,undefined,NaN,NaN,NaN,NaN,NaN,NaN
0000000470,0,undefined,NaN,NaN,NaN,NaN,NaN,NaN
0000000471,0,undefined,NaN,NaN,NaN,NaN,NaN,NaN
0000000472,0,undefined,NaN,NaN,NaN,NaN,NaN,NaN
0000000473,0,undefined,NaN,NaN,NaN,NaN,NaN,NaN
0000000474,0,undefined,NaN,NaN,NaN,NaN,NaN,NaN
0000000475,0,undefined,NaN,NaN,NaN,NaN,NaN,NaN
0000000476,0,undefined,NaN,NaN,NaN,NaN,NaN,NaN
0000000477,0,undefined,NaN,NaN,NaN,NaN,NaN,NaN
0000000478,0,undefined,NaN,NaN,NaN,NaN,NaN,NaN
0000000479,0,undefined,NaN,NaN,NaN,NaN,NaN,NaN
0000000480,0,undefined,NaN,NaN,NaN,NaN,NaN,NaN
0000000481,0,undefined,NaN,NaN,NaN,NaN,NaN,NaN
0000000482,0,undefined,NaN,NaN,NaN,NaN,NaN,NaN
0000000483,0,undefined,NaN,NaN,NaN,NaN,NaN,NaN
0000000484,0,undefined,NaN,NaN,NaN,NaN,NaN,NaN
0000000485,0,undefined,NaN,NaN,NaN,NaN,NaN,NaN
0000000486,0,undefined,NaN,NaN,NaN,NaN,NaN,NaN
0000000487,0,undefined,NaN,NaN,NaN,NaN,NaN,NaN
0000000488,0,undefined,NaN,NaN,NaN,NaN,NaN,NaN
0000000489,0,undefined,NaN,NaN,NaN,NaN,NaN,NaN
0000000490,0,undefined,NaN,NaN,NaN,NaN,NaN,NaN
0000000491,0,undefined,NaN,NaN,NaN,NaN,NaN,NaN
0000000492,0,undefined,NaN,NaN,NaN,NaN,NaN,NaN
0000000493,0,undefined,NaN,NaN,NaN,NaN,NaN,NaN
0000000494,0,undefined,NaN,NaN,NaN,NaN,NaN,NaN
0000000495,0,undefined,NaN,NaN,NaN,NaN,NaN,NaN
0000000496,0,undefined,NaN,NaN,NaN,NaN,NaN,NaN
0000000497,0,undefined,NaN,NaN,NaN,NaN,NaN,NaN
0000000498,0,undefined,NaN,NaN,NaN,NaN,NaN,NaN
0000000499,0,undefined,NaN,NaN,NaN,NaN,NaN,NaN
0000000500,0,undefined,NaN,NaN,NaN,NaN,NaN,NaN
0000000501,0,undefined,NaN,NaN,NaN,NaN,NaN,NaN
0000000502,0,undefined,NaN,NaN,NaN,NaN,NaN,NaN
0000000503,0,undefined,NaN,NaN,NaN,NaN,NaN,NaN
0000000504,0,undefined,NaN,NaN,NaN,NaN,NaN,NaN
0000000505,0,undefined,NaN,NaN,NaN,NaN,NaN,NaN
0000000506,0,undefined,NaN,NaN,NaN,NaN,NaN,NaN
0000000507,0,undefined,NaN,NaN,NaN,NaN,NaN,NaN
0000000508,0,undefined,NaN,NaN,NaN,NaN,NaN,NaN
0000000509,0,undefined,NaN,NaN,NaN,NaN,NaN,NaN
0000000510,0,undefined,NaN,NaN,NaN,NaN,NaN,NaN
0000000511,0,undefined,NaN,NaN,NaN,NaN,NaN,NaN
0000000512,0,undefined,NaN,NaN,NaN,NaN,NaN,NaN
0000000513,0,undefined,NaN,NaN,NaN,NaN,NaN,NaN
0000000514,0,undefined,NaN,NaN,NaN,NaN,NaN,NaN
0000000515,0,undefined,NaN,NaN,NaN,NaN,NaN,NaN
0000000516,0,undefined,NaN,NaN,NaN,NaN,NaN,NaN
0000000517,0,undefined,NaN,NaN,NaN,NaN,NaN,NaN
0000000518,0,undefined,NaN,NaN,NaN,NaN,NaN,NaN
0000000519,0,undefined,NaN,NaN,NaN,NaN,NaN,NaN
0000000520,0,undefined,NaN,NaN,NaN,NaN,NaN,NaN
0000000521,0,undefined,NaN,NaN,NaN,NaN,NaN,NaN
0000000522,0,undefined,NaN,NaN,NaN,NaN,NaN,NaN
0000000523,0,undefined,NaN,NaN,NaN,NaN,NaN,NaN
0000000524,0,undefined,NaN,NaN,NaN,NaN,NaN,NaN
0000000525,0,undefined,NaN,NaN,NaN,NaN,NaN,NaN
0000000526,0,undefined,NaN,NaN,NaN,NaN,NaN,NaN
0000000527,0,undefined,NaN,NaN,NaN,NaN,NaN,NaN
0000000528,0,undefined,NaN,NaN,NaN,NaN,NaN,NaN
0000000529,0,undefined,NaN,NaN,NaN,NaN,NaN,NaN
0000000530,0,undefined,NaN,NaN,NaN,NaN,NaN,NaN
0000000531,0,undefined,NaN,NaN,NaN,NaN,NaN,NaN
0000000532,0,undefined,NaN,NaN,NaN,NaN,NaN,NaN
0000000533,0,undefined,NaN,NaN,NaN,NaN,NaN,NaN
0000000534,0,undefined,NaN,NaN,NaN,NaN,NaN,NaN
0000000535,0,undefined,NaN,NaN,NaN,NaN,NaN,NaN
0000000536,0,undefined,NaN,NaN,NaN,NaN,NaN,NaN
0000000537,0,undefined,NaN,NaN,NaN,NaN,NaN,NaN
0000000538,0,undefined,NaN,NaN,NaN,NaN,NaN,NaN
0000000539,0,undefined,NaN,NaN,NaN,NaN,NaN,NaN
0000000540,0,undefined,NaN,NaN,NaN,NaN,NaN,NaN
0000000541,0,undefined,NaN,NaN,NaN,NaN,NaN,NaN
0000000542,0,undefined,NaN,NaN,NaN,NaN,NaN,NaN
0000000543,0,undefined,NaN,NaN,NaN,NaN,NaN,NaN
0000000544,0,undefined,NaN,NaN,NaN,NaN,NaN,NaN
0000000545,0,undefined,NaN,NaN,NaN,NaN,NaN,NaN
0000000546,0,undefined,NaN,NaN,NaN,NaN,NaN,NaN
0000000547,0,undefined,NaN,NaN,NaN,NaN,NaN,NaN
0000000548,0,undefined,NaN,NaN,NaN,NaN,NaN,NaN
0000000549,0,undefined,NaN,NaN,NaN,NaN,NaN,NaN
0000000550,0,undefined,NaN,NaN,NaN,NaN,NaN,NaN
0000000551,0,undefined,NaN,NaN,NaN,NaN,NaN,NaN
0000000552,0,undefined,NaN,NaN,NaN,NaN,NaN,NaN
0000000553,0,undefined,NaN,NaN,NaN,NaN,NaN,NaN
0000000554,0,undefined,NaN,NaN,NaN,NaN,NaN,NaN
0000000555,0,undefined,NaN,NaN,NaN,NaN,NaN,NaN
0000000556,0,undefined,NaN,NaN,NaN,NaN,NaN,NaN
0000000557,0,undefined,NaN,NaN,NaN,NaN,NaN,NaN
0000000558,0,undefined,NaN,NaN,NaN,NaN,NaN,NaN
0000000559,0,undefined,NaN,NaN,NaN,NaN,NaN,NaN
0000000560,0,undefined,NaN,NaN,NaN,NaN,NaN,NaN
0000000561,0,undefined,NaN,NaN,NaN,NaN,NaN,NaN
0000000562,0,undefined,NaN,NaN,NaN,NaN,NaN,NaN
0000000563,0,undefined,NaN,NaN,NaN,NaN,NaN,NaN
0000000564,0,undefined,NaN,NaN,NaN,NaN,NaN,NaN
0000000565,0,undefined,NaN,NaN,NaN,NaN,NaN,NaN
0000000566,0,undefined,NaN,NaN,NaN,NaN,NaN,NaN
0000000567,0,undefined,NaN,NaN,NaN,NaN,NaN,NaN
0000000568,0,undefined,NaN,NaN,NaN,NaN,NaN,NaN
0000000569,0,undefined,NaN,NaN,NaN,NaN,NaN,NaN
0000000570,0,undefined,NaN,NaN,NaN,NaN,NaN,NaN
0000000571,0,undefined,NaN,NaN,NaN,NaN,NaN,NaN
0000000572,0,undefined,NaN,NaN,NaN,NaN,NaN,NaN
0000000573,0,undefined,NaN,NaN,NaN,NaN,NaN,NaN
0000000574,0,undefined,NaN,NaN,NaN,NaN,NaN,NaN
0000000575,0,undefined,NaN,NaN,NaN,NaN,NaN,NaN
0000000576,0,undefined,NaN,NaN,NaN,NaN,NaN,NaN
0000000577,0,undefined,NaN,NaN,NaN,NaN,NaN,NaN
0000000578,0,undefined,NaN,NaN,NaN,NaN,NaN,NaN
0000000579,0,undefined,NaN,NaN,NaN,NaN,NaN,NaN
0000000580,0,undefined,NaN,NaN,NaN,NaN,NaN,NaN
0000000581,0,undefined,NaN,NaN,NaN,NaN,NaN,NaN
0000000582,0,undefined,NaN,NaN,NaN,NaN,NaN,NaN
0000000583,0,undefined,NaN,NaN,NaN,NaN,NaN,NaN
0000000584,0,undefined,NaN,NaN,NaN,NaN,NaN,NaN
0000000585,0,undefined,NaN,NaN,NaN,NaN,NaN,NaN
0000000586,0,undefined,NaN,NaN,NaN,NaN,NaN,NaN
0000000587,0,undefined,NaN,NaN,NaN,NaN,NaN,NaN
0000000588,0,undefined,NaN,NaN,NaN,NaN,NaN,NaN
0000000589,0,undefined,NaN,NaN,NaN,NaN,NaN,NaN
0000000590,0,undefined,NaN,NaN,NaN,NaN,NaN,NaN
0000000591,0,undefined,NaN,NaN,NaN,NaN,NaN,NaN
0000000592,0,undefined,NaN,NaN,NaN,NaN,NaN,NaN
0000000593,0,undefined,NaN,NaN,NaN,NaN,NaN,NaN
0000000594,0,undefined,NaN,NaN,NaN,NaN,NaN,NaN
0000000595,0,undefined,NaN,NaN,NaN,NaN,NaN,NaN
0000000596,0,undefined,NaN,NaN,NaN,NaN,NaN,NaN
0000000597,0,undefined,NaN,NaN,NaN,NaN,NaN,NaN
0000000598,0,undefined,NaN,NaN,NaN,NaN,NaN,NaN
0000000599,0,undefined,NaN,NaN,NaN,NaN,NaN,NaN
0000000600,0,undefined,NaN,NaN,NaN,NaN,NaN,NaN
0000000601,0,undefined,NaN,NaN,NaN,NaN,NaN,NaN
0000000602,0,undefined,NaN,NaN,NaN,NaN,NaN,NaN
0000000603,0,undefined,NaN,NaN,NaN,NaN,NaN,NaN
0000000604,0,undefined,NaN,NaN,NaN,NaN,NaN,NaN
0000000605,0,undefined,NaN,NaN,NaN,NaN,NaN,NaN
0000000606,0,undefined,NaN,NaN,NaN,NaN,NaN,NaN
0000000607,0,undefined,NaN,NaN,NaN,NaN,NaN,NaN
0000000608,0,undefined,NaN,NaN,NaN,NaN,NaN,NaN
0000000609,0,undefined,NaN,NaN,NaN,NaN,NaN,NaN
0000000610,0,undefined,NaN,NaN,NaN,NaN,NaN,NaN
0000000611,0,undefined,NaN,NaN,NaN,NaN,NaN,NaN
0000000612,0,undefined,NaN,NaN,NaN,NaN,NaN,NaN
0000000613,0,undefined,NaN,NaN,NaN,NaN,NaN,NaN
0000000614,0,undefined,NaN,NaN,NaN,NaN,NaN,NaN
0000000615,0,undefined,NaN,NaN,NaN,NaN,NaN,NaN
0000000616,0,undefined,NaN,NaN,NaN,NaN,NaN,NaN
0000000617,0,undefined,NaN,NaN,NaN,NaN,NaN,NaN
0000000618,0,undefined,NaN,NaN,NaN,NaN,NaN,NaN
0000000619,0,undefined,NaN,NaN,NaN,NaN,NaN,NaN
0000000620,0,undefined,NaN,NaN,NaN,NaN,NaN,NaN
0000000621,0,undefined,NaN,NaN,NaN,NaN,NaN,NaN
0000000622,0,undefined,NaN,NaN,NaN,NaN,NaN,NaN
0000000623,0,undefined,NaN,NaN,NaN,NaN,NaN,NaN
0000000624,0,undefined,NaN,NaN,NaN,NaN,NaN,NaN
0000000625,0,undefined,NaN,NaN,NaN,NaN,NaN,NaN
0000000626,0,undefined,NaN,NaN,NaN,NaN,NaN,NaN
0000000627,0,undefined,NaN,NaN,NaN,NaN,NaN,NaN
0000000628,0,undefined,NaN,NaN,NaN,NaN,NaN,NaN
0000000629,0,undefined,NaN,NaN,NaN,NaN,NaN,NaN
0000000630,0,undefined,NaN,NaN,NaN,NaN,NaN,NaN
0000000631,0,undefined,NaN,NaN,NaN,NaN,NaN,NaN
0000000632,0,undefined,NaN,NaN,NaN,NaN,NaN,NaN
0000000633,0,undefined,NaN,NaN,NaN,NaN,NaN,NaN
0000000634,0,undefined,NaN,NaN,NaN,NaN,NaN,NaN
0000000635,0,undefined,NaN,NaN,NaN,NaN,NaN,NaN
0000000636,0,undefined,NaN,NaN,NaN,NaN,NaN,NaN
0000000637,0,undefined,NaN,NaN,NaN,NaN,NaN,NaN
0000000638,0,undefined,NaN,NaN,NaN,NaN,NaN,NaN
0000000639,0,undefined,NaN,NaN,NaN,NaN,NaN,NaN
0000000640,0,undefined,NaN,NaN,NaN,NaN,NaN,NaN
0000000641,0,undefined,NaN,NaN,NaN,NaN,NaN,NaN
0000000642,0,undefined,NaN,NaN,NaN,NaN,NaN,NaN
0000000643,0,undefined,NaN,NaN,NaN,NaN,NaN,NaN
0000000644,0,undefined,NaN,NaN,NaN,NaN,NaN,NaN
0000000645,0,undefined,NaN,NaN,NaN,NaN,NaN,NaN
0000000646,0,undefined,NaN,NaN,NaN,NaN,NaN,NaN
0000000647,0,undefined,NaN,NaN,NaN,NaN,NaN,NaN
0000000648,0,undefined,NaN,NaN,NaN,NaN,NaN,NaN
0000000649,0,undefined,NaN,NaN,NaN,NaN,NaN,NaN
0000000650,0,undefined,NaN,NaN,NaN,NaN,NaN,NaN
0000000651,0,undefined,NaN,NaN,NaN,NaN,NaN,NaN
0000000652,0,undefined,NaN,NaN,NaN,NaN,NaN,NaN
0000000653,0,undefined,NaN,NaN,NaN,NaN,NaN,NaN
0000000654,0,undefined,NaN,NaN,NaN,NaN,NaN,NaN
0000000655,0,undefined,NaN,NaN,NaN,NaN,NaN,NaN
0000000656,0,undefined,NaN,NaN,NaN,NaN,NaN,NaN
0000000657,0,undefined,NaN,NaN,NaN,NaN,NaN,NaN
0000000658,0,undefined,NaN,NaN,NaN,NaN,NaN,NaN
0000000659,0,undefined,NaN,NaN,NaN,NaN,NaN,NaN
0000000660,0,undefined,NaN,NaN,NaN,NaN,NaN,NaN
0000000661,0,undefined,NaN,NaN,NaN,NaN,NaN,NaN
0000000662,0,undefined,NaN,NaN,NaN,NaN,NaN,NaN
0000000663,0,undefined,NaN,NaN,NaN,NaN,NaN,NaN
0000000664,0,undefined,NaN,NaN,NaN,NaN,NaN,NaN
0000000665,0,undefined,NaN,NaN,NaN,NaN,NaN,NaN
0000000666,0,undefined,NaN,NaN,NaN,NaN,NaN,NaN
0000000667,0,undefined,NaN,NaN,NaN,NaN,NaN,NaN
0000000668,0,undefined,NaN,NaN,NaN,NaN,NaN,NaN
0000000669,0,undefined,NaN,NaN,NaN,NaN,NaN,NaN
0000000670,0,undefined,NaN,NaN,NaN,NaN,NaN,NaN
0000000671,0,undefined,NaN,NaN,NaN,NaN,NaN,NaN
0000000672,0,undefined,NaN,NaN,NaN,NaN,NaN,NaN
0000000673,0,undefined,NaN,NaN,NaN,NaN,NaN,NaN
0000000674,0,undefined,NaN,NaN,NaN,NaN,NaN,NaN
0000000675,0,undefined,NaN,NaN,NaN,NaN,NaN,NaN
0000000676,0,undefined,NaN,NaN,NaN,NaN,NaN,NaN
0000000677,0,undefined,NaN,NaN,NaN,NaN,NaN,NaN
0000000678,0,undefined,NaN,NaN,NaN,NaN,NaN,NaN
0000000679,0,undefined,NaN,NaN,NaN,NaN,NaN,NaN
0000000680,0,undefined,NaN,NaN,NaN,NaN,NaN,NaN
0000000681,0,undefined,NaN,NaN,NaN,NaN,NaN,NaN
0000000682,0,undefined,NaN,NaN,NaN,NaN,NaN,NaN
0000000683,0,undefined,NaN,NaN,NaN,NaN,NaN,NaN
0000000684,0,undefined,NaN,NaN,NaN,NaN,NaN,NaN
0000000685,0,undefined,NaN,NaN,NaN,NaN,NaN,NaN
0000000686,0,undefined,NaN,NaN,NaN,NaN,NaN,NaN
0000000687,0,undefined,NaN,NaN,NaN,NaN,NaN,NaN
0000000688,0,undefined,NaN,NaN,NaN,NaN,NaN,NaN
0000000689,0,undefined,NaN,NaN,NaN,NaN,NaN,NaN
0000000690,0,undefined,NaN,NaN,NaN,NaN,NaN,NaN
0000000691,0,undefined,NaN,NaN,NaN,NaN,NaN,NaN
0000000692,0,undefined,NaN,NaN,NaN,NaN,NaN,NaN
0000000693,0,undefined,NaN,NaN,NaN,NaN,NaN,NaN
0000000694,0,undefined,NaN,NaN,NaN,NaN,NaN,NaN
0000000695,0,undefined,NaN,NaN,NaN,NaN,NaN,NaN
0000000696,0,undefined,NaN,NaN,NaN,NaN,NaN,NaN
0000000697,0,undefined,NaN,NaN,NaN,NaN,NaN,NaN
0000000698,0,undefined,NaN,NaN,NaN,NaN,NaN,NaN
0000000699,0,undefined,NaN,NaN,NaN,NaN,NaN,NaN
0000000700,0,undefined,NaN,NaN,NaN,NaN,NaN,NaN
0000000701,0,undefined,NaN,NaN,NaN,NaN,NaN,NaN
0000000702,0,undefined,NaN,NaN,NaN,NaN,NaN,NaN
0000000703,0,undefined,NaN,NaN,NaN,NaN,NaN,NaN
0000000704,0,undefined,NaN,NaN,NaN,NaN,NaN,NaN
0000000705,0,undefined,NaN,NaN,NaN,NaN,NaN,NaN
0000000706,0,undefined,NaN,NaN,NaN,NaN,NaN,NaN
0000000707,0,undefined,NaN,NaN,NaN,NaN,NaN,NaN
0000000708,0,undefined,NaN,NaN,NaN,NaN,NaN,NaN
0000000709,0,undefined,NaN,NaN,NaN,NaN,NaN,NaN
0000000710,0,undefined,NaN,NaN,NaN,NaN,NaN,NaN
0000000711,0,undefined,NaN,NaN,NaN,NaN,NaN,NaN
0000000712,0,undefined,NaN,NaN,NaN,NaN,NaN,NaN
0000000713,0,undefined,NaN,NaN,NaN,NaN,NaN,NaN
0000000714,0,undefined,NaN,NaN,NaN,NaN,NaN,NaN
0000000715,0,undefined,NaN,NaN,NaN,NaN,NaN,NaN
0000000716,0,undefined,NaN,NaN,NaN,NaN,NaN,NaN
0000000717,0,undefined,NaN,NaN,NaN,NaN,NaN,NaN
0000000718,0,undefined,NaN,NaN,NaN,NaN,NaN,NaN
0000000719,0,undefined,NaN,NaN,NaN,NaN,NaN,NaN
0000000720,0,undefined,NaN,NaN,NaN,NaN,NaN,NaN
0000000721,0,undefined,NaN,NaN,NaN,NaN,NaN,NaN
0000000722,0,undefined,NaN,NaN,NaN,NaN,NaN,NaN
0000000723,0,undefined,NaN,NaN,NaN,NaN,NaN,NaN
0000000724,0,undefined,NaN,NaN,NaN,NaN,NaN,NaN
0000000725,0,undefined,NaN,NaN,NaN,NaN,NaN,NaN
0000000726,0,undefined,NaN,NaN,NaN,NaN,NaN,NaN
0000000727,0,undefined,NaN,NaN,NaN,NaN,NaN,NaN
0000000728,0,undefined,NaN,NaN,NaN,NaN,NaN,NaN
0000000729,0,undefined,NaN,NaN,NaN,NaN,NaN,NaN
0000000730,0,undefined,NaN,NaN,NaN,NaN,NaN,NaN
0000000731,0,undefined,NaN,NaN,NaN,NaN,NaN,NaN
0000000732,0,undefined,NaN,NaN,NaN,NaN,NaN,NaN
0000000733,0,undefined,NaN,NaN,NaN,NaN,NaN,NaN
0000000734,0,undefined,NaN,NaN,NaN,NaN,NaN,NaN
0000000735,0,undefined,NaN,NaN,NaN,NaN,NaN,NaN
0000000736,0,undefined,NaN,NaN,NaN,NaN,NaN,NaN
0000000737,0,undefined,NaN,NaN,NaN,NaN,NaN,NaN
0000000738,0,undefined,NaN,NaN,NaN,NaN,NaN,NaN
0000000739,0,undefined,NaN,NaN,NaN,NaN,NaN,NaN
0000000740,0,undefined,NaN,NaN,NaN,NaN,NaN,NaN
0000000741,0,undefined,NaN,NaN,NaN,NaN,NaN,NaN
0000000742,0,undefined,NaN,NaN,NaN,NaN,NaN,NaN
0000000743,0,undefined,NaN,NaN,NaN,NaN,NaN,NaN
0000000744,0,undefined,NaN,NaN,NaN,NaN,NaN,NaN
0000000745,0,undefined,NaN,NaN,NaN,NaN,NaN,NaN
0000000746,0,undefined,NaN,NaN,NaN,NaN,NaN,NaN
0000000747,0,undefined,NaN,NaN,NaN,NaN,NaN,NaN
0000000748,0,undefined,NaN,NaN,NaN,NaN,NaN,NaN
0000000749,0,undefined,NaN,NaN,NaN,NaN,NaN,NaN
0000000750,0,undefined,NaN,NaN,NaN,NaN,NaN,NaN
0000000751,0,undefined,NaN,NaN,NaN,NaN,NaN,NaN
0000000752,0,undefined,NaN,NaN,NaN,NaN,NaN,NaN
0000000753,0,undefined,NaN,NaN,NaN,NaN,NaN,NaN
0000000754,0,undefined,NaN,NaN,NaN,NaN,NaN,NaN
0000000755,0,undefined,NaN,NaN,NaN,NaN,NaN,NaN
0000000756,0,undefined,NaN,NaN,NaN,NaN,NaN,NaN
0000000757,0,undefined,NaN,NaN,NaN,NaN,NaN,NaN
0000000758,0,undefined,NaN,NaN,NaN,NaN,NaN,NaN
0000000759,0,undefined,NaN,NaN,NaN,NaN,NaN,NaN
0000000760,0,undefined,NaN,NaN,NaN,NaN,NaN,NaN
0000000761,0,undefined,NaN,NaN,NaN,NaN,NaN,NaN
0000000762,0,undefined,NaN,NaN,NaN,NaN,NaN,NaN
0000000763,0,undefined,NaN,NaN,NaN,NaN,NaN,NaN
0000000764,0,undefined,NaN,NaN,NaN,NaN,NaN,NaN
0000000765,0,undefined,NaN,NaN,NaN,NaN,NaN,NaN
0000000766,0,undefined,NaN,NaN,NaN,NaN,NaN,NaN
0000000767,0,undefined,NaN,NaN,NaN,NaN,NaN,NaN
0000000768,0,undefined,NaN,NaN,NaN,NaN,NaN,NaN
0000000769,0,undefined,NaN,NaN,NaN,NaN,NaN,NaN
0000000770,0,undefined,NaN,NaN,NaN,NaN,NaN,NaN
0000000771,0,undefined,NaN,NaN,NaN,NaN,NaN,NaN
0000000772,0,undefined,NaN,NaN,NaN,NaN,NaN,NaN
0000000773,0,undefined,NaN,NaN,NaN,NaN,NaN,NaN
0000000774,0,undefined,NaN,NaN,NaN,NaN,NaN,NaN
0000000775,0,undefined,NaN,NaN,NaN,NaN,NaN,NaN
0000000776,0,undefined,NaN,NaN,NaN,NaN,NaN,NaN
0000000777,0,undefined,NaN,NaN,NaN,NaN,NaN,NaN
0000000778,0,undefined,NaN,NaN,NaN,NaN,NaN,NaN
0000000779,0,undefined,NaN,NaN,NaN,NaN,NaN,NaN
0000000780,0,undefined,NaN,NaN,NaN,NaN,NaN,NaN
0000000781,0,undefined,NaN,NaN,NaN,NaN,NaN,NaN
0000000782,0,undefined,NaN,NaN,NaN,NaN,NaN,NaN
0000000783,0,undefined,NaN,NaN,NaN,NaN,NaN,NaN
0000000784,0,undefined,NaN,NaN,NaN,NaN,NaN,NaN
0000000785,0,undefined,NaN,NaN,NaN,NaN,NaN,NaN
0000000786,0,undefined,NaN,NaN,NaN,NaN,NaN,NaN
0000000787,0,undefined,NaN,NaN,NaN,NaN,NaN,NaN
0000000788,0,undefined,NaN,NaN,NaN,NaN,NaN,NaN
0000000789,0,undefined,NaN,NaN,NaN,NaN,NaN,NaN
0000000790,0,undefined,NaN,NaN,NaN,NaN,NaN,NaN
0000000791,0,undefined,NaN,NaN,NaN,NaN,NaN,NaN
0000000792,0,undefined,NaN,NaN,NaN,NaN,NaN,NaN
0000000793,0,undefined,NaN,NaN,NaN,NaN,NaN,NaN
0000000794,0,undefined,NaN,NaN,NaN,NaN,NaN,NaN
0000000795,0,undefined,NaN,NaN,NaN,NaN,NaN,NaN
0000000796,0,undefined,NaN,NaN,NaN,NaN,NaN,NaN
0000000797,0,undefined,NaN,NaN,NaN,NaN,NaN,NaN
0000000798,0,undefined,NaN,NaN,NaN,NaN,NaN,NaN
0000000799,0,undefined,NaN,NaN,NaN,NaN,NaN,NaN
0000000800,0,undefined,NaN,NaN,NaN,NaN,NaN,NaN
0000000801,0,undefined,NaN,NaN,NaN,NaN,NaN,NaN
0000000802,0,undefined,NaN,NaN,NaN,NaN,NaN,NaN
0000000803,0,undefined,NaN,NaN,NaN,NaN,NaN,NaN
0000000804,0,undefined,NaN,NaN,NaN,NaN,NaN,NaN
0000000805,0,undefined,NaN,NaN,NaN,NaN,NaN,NaN
0000000806,0,undefined,NaN,NaN,NaN,NaN,NaN,NaN
0000000807,0,undefined,NaN,NaN,NaN,NaN,NaN,NaN
0000000808,0,undefined,NaN,NaN,NaN,NaN,NaN,NaN
0000000809,0,undefined,NaN,NaN,NaN,NaN,NaN,NaN
0000000810,0,undefined,NaN,NaN,NaN,NaN,NaN,NaN
0000000811,0,undefined,NaN,NaN,NaN,NaN,NaN,NaN
0000000812,0,undefined,NaN,NaN,NaN,NaN,NaN,NaN
0000000813,0,undefined,NaN,NaN,NaN,NaN,NaN,NaN
0000000814,0,undefined,NaN,NaN,NaN,NaN,NaN,NaN
0000000815,0,undefined,NaN,NaN,NaN,NaN,NaN,NaN
0000000816,0,undefined,NaN,NaN,NaN,NaN,NaN,NaN
0000000817,0,undefined,NaN,NaN,NaN,NaN,NaN,NaN
0000000818,0,undefined,NaN,NaN,NaN,NaN,NaN,NaN
0000000819,0,undefined,NaN,NaN,NaN,NaN,NaN,NaN
0000000820,0,undefined,NaN,NaN,NaN,NaN,NaN,NaN
0000000821,0,undefined,NaN,NaN,NaN,NaN,NaN,NaN
0000000822,0,undefined,NaN,NaN,NaN,NaN,NaN,NaN
0000000823,0,undefined,NaN,NaN,NaN,NaN,NaN,NaN
0000000824,0,undefined,NaN,NaN,NaN,NaN,NaN,NaN
0000000825,0,undefined,NaN,NaN,NaN,NaN,NaN,NaN
0000000826,0,undefined,NaN,NaN,NaN,NaN,NaN,NaN
0000000827,0,undefined,NaN,NaN,NaN,NaN,NaN,NaN
0000000828,0,undefined,NaN,NaN,NaN,NaN,NaN,NaN
0000000829,0,undefined,NaN,NaN,NaN,NaN,NaN,NaN
0000000830,0,undefined,NaN,NaN,NaN,NaN,NaN,NaN
0000000831,0,undefined,NaN,NaN,NaN,NaN,NaN,NaN
0000000832,0,undefined,NaN,NaN,NaN,NaN,NaN,NaN
0000000833,0,undefined,NaN,NaN,NaN,NaN,NaN,NaN
0000000834,0,undefined,NaN,NaN,NaN,NaN,NaN,NaN
0000000835,0,undefined,NaN,NaN,NaN,NaN,NaN,NaN
0000000836,0,undefined,NaN,NaN,NaN,NaN,NaN,NaN
0000000837,0,undefined,NaN,NaN,NaN,NaN,NaN,NaN
0000000838,0,undefined,NaN,NaN,NaN,NaN,NaN,NaN
0000000839,0,undefined,NaN,NaN,NaN,NaN,NaN,NaN
0000000840,0,undefined,NaN,NaN,NaN,NaN,NaN,NaN
0000000841,0,undefined,NaN,NaN,NaN,NaN,NaN,NaN
0000000842,0,undefined,NaN,NaN,NaN,NaN,NaN,NaN
0000000843,0,undefined,NaN,NaN,NaN,NaN,NaN,NaN
0000000844,0,undefined,NaN,NaN,NaN,NaN,NaN,NaN
0000000845,0,undefined,NaN,NaN,NaN,NaN,NaN,NaN
0000000846,0,undefined,NaN,NaN,NaN,NaN,NaN,NaN
0000000847,0,undefined,NaN,NaN,NaN,NaN,NaN,NaN
0000000848,0,undefined,NaN,NaN,NaN,NaN,NaN,NaN
0000000849,0,undefined,NaN,NaN,NaN,NaN,NaN,NaN
0000000850,0,undefined,NaN,NaN,NaN,NaN,NaN,NaN
0000000851,0,undefined,NaN,NaN,NaN,NaN,NaN,NaN
0000000852,0,undefined,NaN,NaN,NaN,NaN,NaN,NaN
0000000853,0,undefined,NaN,NaN,NaN,NaN,NaN,NaN
0000000854,0,undefined,NaN,NaN,NaN,NaN,NaN,NaN
0000000855,0,undefined,NaN,NaN,NaN,NaN,NaN,NaN
0000000856,0,undefined,NaN,NaN,NaN,NaN,NaN,NaN
0000000857,0,undefined,NaN,NaN,NaN,NaN,NaN,NaN
0000000858,0,undefined,NaN,NaN,NaN,NaN,NaN,NaN
0000000859,0,undefined,NaN,NaN,NaN,NaN,NaN,NaN
0000000860,0,undefined,NaN,NaN,NaN,NaN,NaN,NaN
0000000861,0,undefined,NaN,NaN,NaN,NaN,NaN,NaN
0000000862,0,undefined,NaN,NaN,NaN,NaN,NaN,NaN
0000000863,0,undefined,NaN,NaN,NaN,NaN,NaN,NaN
0000000864,0,undefined,NaN,NaN,NaN,NaN,NaN,NaN
0000000865,0,undefined,NaN,NaN,NaN,NaN,NaN,NaN
0000000866,0,undefined,NaN,NaN,NaN,NaN,NaN,NaN
0000000867,0,undefined,NaN,NaN,NaN,NaN,NaN,NaN
0000000868,0,undefined,NaN,NaN,NaN,NaN,NaN,NaN
0000000869,0,undefined,NaN,NaN,NaN,NaN,NaN,NaN
0000000870,0,undefined,NaN,NaN,NaN,NaN,NaN,NaN
0000000871,0,undefined,NaN,NaN,NaN,NaN,NaN,NaN
0000000872,0,undefined,NaN,NaN,NaN,NaN,NaN,NaN
0000000873,0,undefined,NaN,NaN,NaN,NaN,NaN,NaN
0000000874,0,undefined,NaN,NaN,NaN,NaN,NaN,NaN
0000000875,0,undefined,NaN,NaN,NaN,NaN,NaN,NaN
0000000876,0,undefined,NaN,NaN,NaN,NaN,NaN,NaN
0000000877,0,undefined,NaN,NaN,NaN,NaN,NaN,NaN
0000000878,0,undefined,NaN,NaN,NaN,NaN,NaN,NaN
0000000879,0,undefined,NaN,NaN,NaN,NaN,NaN,NaN
0000000880,0,undefined,NaN,NaN,NaN,NaN,NaN,NaN
0000000881,0,undefined,NaN,NaN,NaN,NaN,NaN,NaN
0000000882,0,undefined,NaN,NaN,NaN,NaN,NaN,NaN
0000000883,0,undefined,NaN,NaN,NaN,NaN,NaN,NaN
0000000884,0,undefined,NaN,NaN,NaN,NaN,NaN,NaN
0000000885,0,undefined,NaN,NaN,NaN,NaN,NaN,NaN
0000000886,0,undefined,NaN,NaN,NaN,NaN,NaN,NaN
0000000887,0,undefined,NaN,NaN,NaN,NaN,NaN,NaN
0000000888,0,undefined,NaN,NaN,NaN,NaN,NaN,NaN
0000000889,0,undefined,NaN,NaN,NaN,NaN,NaN,NaN
0000000890,0,undefined,NaN,NaN,NaN,NaN,NaN,NaN
0000000891,0,undefined,NaN,NaN,NaN,NaN,NaN,NaN
0000000892,0,undefined,NaN,NaN,NaN,NaN,NaN,NaN
0000000893,0,undefined,NaN,NaN,NaN,NaN,NaN,NaN
0000000894,0,undefined,NaN,NaN,NaN,NaN,NaN,NaN
0000000895,0,undefined,NaN,NaN,NaN,NaN,NaN,NaN
0000000896,0,undefined,NaN,NaN,NaN,NaN,NaN,NaN
0000000897,0,undefined,NaN,NaN,NaN,NaN,NaN,NaN
0000000898,0,undefined,NaN,NaN,NaN,NaN,NaN,NaN
0000000899,0,undefined,NaN,NaN,NaN,NaN,NaN,NaN
0000000900,0,undefined,NaN,NaN,NaN,NaN,NaN,NaN
0000000901,0,undefined,NaN,NaN,NaN,NaN,NaN,NaN
0000000902,0,undefined,NaN,NaN,NaN,NaN,NaN,NaN
0000000903,0,undefined,NaN,NaN,NaN,NaN,NaN,NaN
0000000904,0,undefined,NaN,NaN,NaN,NaN,NaN,NaN
0000000905,0,undefined,NaN,NaN,NaN,NaN,NaN,NaN
0000000906,0,undefined,NaN,NaN,NaN,NaN,NaN,NaN
0000000907,0,undefined,NaN,NaN,NaN,NaN,NaN,NaN
0000000908,0,undefined,NaN,NaN,NaN,NaN,NaN,NaN
0000000909,0,undefined,NaN,NaN,NaN,NaN,NaN,NaN
0000000910,0,undefined,NaN,NaN,NaN,NaN,NaN,NaN
0000000911,0,undefined,NaN,NaN,NaN,NaN,NaN,NaN
0000000912,0,undefined,NaN,NaN,NaN,NaN,NaN,NaN
0000000913,0,undefined,NaN,NaN,NaN,NaN,NaN,NaN
0000000914,0,undefined,NaN,NaN,NaN,NaN,NaN,NaN
0000000915,0,undefined,NaN,NaN,NaN,NaN,NaN,NaN
0000000916,0,undefined,NaN,NaN,NaN,NaN,NaN,NaN
0000000917,0,undefined,NaN,NaN,NaN,NaN,NaN,NaN
0000000918,0,undefined,NaN,NaN,NaN,NaN,NaN,NaN
0000000919,0,undefined,NaN,NaN,NaN,NaN,NaN,NaN
0000000920,0,undefined,NaN,NaN,NaN,NaN,NaN,NaN
0000000921,0,undefined,NaN,NaN,NaN,NaN,NaN,NaN
0000000922,0,undefined,NaN,NaN,NaN,NaN,NaN,NaN
0000000923,0,undefined,NaN,NaN,NaN,NaN,NaN,NaN
0000000924,0,undefined,NaN,NaN,NaN,NaN,NaN,NaN
0000000925,0,undefined,NaN,NaN,NaN,NaN,NaN,NaN
0000000926,0,undefined,NaN,NaN,NaN,NaN,NaN,NaN
0000000927,0,undefined,NaN,NaN,NaN,NaN,NaN,NaN
0000000928,0,undefined,NaN,NaN,NaN,NaN,NaN,NaN
0000000929,0,undefined,NaN,NaN,NaN,NaN,NaN,NaN
0000000930,0,undefined,NaN,NaN,NaN,NaN,NaN,NaN
0000000931,0,undefined,NaN,NaN,NaN,NaN,NaN,NaN
0000000932,0,undefined,NaN,NaN,NaN,NaN,NaN,NaN
0000000933,0,undefined,NaN,NaN,NaN,NaN,NaN,NaN
0000000934,0,undefined,NaN,NaN,NaN,NaN,NaN,NaN
0000000935,0,undefined,NaN,NaN,NaN,NaN,NaN,NaN
0000000936,0,undefined,NaN,NaN,NaN,NaN,NaN,NaN
0000000937,0,undefined,NaN,NaN,NaN,NaN,NaN,NaN
0000000938,0,undefined,NaN,NaN,NaN,NaN,NaN,NaN
0000000939,0,undefined,NaN,NaN,NaN,NaN,NaN,NaN
0000000940,0,undefined,NaN,NaN,NaN,NaN,NaN,NaN
0000000941,0,undefined,NaN,NaN,NaN,NaN,NaN,NaN
0000000942,0,undefined,NaN,NaN,NaN,NaN,NaN,NaN
0000000943,0,undefined,NaN,NaN,NaN,NaN,NaN,NaN
0000000944,0,undefined,NaN,NaN,NaN,NaN,NaN,NaN
0000000945,0,undefined,NaN,NaN,NaN,NaN,NaN,NaN
0000000946,0,undefined,NaN,NaN,NaN,NaN,NaN,NaN
0000000947,0,undefined,NaN,NaN,NaN,NaN,NaN,NaN
0000000948,0,undefined,NaN,NaN,NaN,NaN,NaN,NaN
0000000949,0,undefined,NaN,NaN,NaN,NaN,NaN,NaN
0000000950,0,undefined,NaN,NaN,NaN,NaN,NaN,NaN
0000000951,0,undefined,NaN,NaN,NaN,NaN,NaN,NaN
0000000952,0,undefined,NaN,NaN,NaN,NaN,NaN,NaN
0000000953,0,undefined,NaN,NaN,NaN,NaN,NaN,NaN
0000000954,0,undefined,NaN,NaN,NaN,NaN,NaN,NaN
0000000955,0,undefined,NaN,NaN,NaN,NaN,NaN,NaN
0000000956,0,undefined,NaN,NaN,NaN,NaN,NaN,NaN
0000000957,0,undefined,NaN,NaN,NaN,NaN,NaN,NaN
0000000958,0,undefined,NaN,NaN,NaN,NaN,NaN,NaN
0000000959,0,undefined,NaN,NaN,NaN,NaN,NaN,NaN
0000000960,0,undefined,NaN,NaN,NaN,NaN,NaN,NaN
0000000961,0,undefined,NaN,NaN,NaN,NaN,NaN,NaN
0000000962,0,undefined,NaN,NaN,NaN,NaN,NaN,NaN
0000000963,0,undefined,NaN,NaN,NaN,NaN,NaN,NaN
0000000964,0,undefined,NaN,NaN,NaN,NaN,NaN,NaN
0000000965,0,undefined,NaN,NaN,NaN,NaN,NaN,NaN
0000000966,0,undefined,NaN,NaN,NaN,NaN,NaN,NaN
0000000967,0,undefined,NaN,NaN,NaN,NaN,NaN,NaN
0000000968,0,undefined,NaN,NaN,NaN,NaN,NaN,NaN
0000000969,0,undefined,NaN,NaN,NaN,NaN,NaN,NaN
0000000970,0,undefined,NaN,NaN,NaN,NaN,NaN,NaN
0000000971,0,undefined,NaN,NaN,NaN,NaN,NaN,NaN
0000000972,0,undefined,NaN,NaN,NaN,NaN,NaN,NaN
0000000973,0,undefined,NaN,NaN,NaN,NaN,NaN,NaN
0000000974,0,undefined,NaN,NaN,NaN,NaN,NaN,NaN
0000000975,0,undefined,NaN,NaN,NaN,NaN,NaN,NaN
0000000976,0,undefined,NaN,NaN,NaN,NaN,NaN,NaN
0000000977,0,undefined,NaN,NaN,NaN,NaN,NaN,NaN
0000000978,0,undefined,NaN,NaN,NaN,NaN,NaN,NaN
0000000979,0,undefined,NaN,NaN,NaN,NaN,NaN,NaN
0000000980,0,undefined,NaN,NaN,NaN,NaN,NaN,NaN
0000000981,0,undefined,NaN,NaN,NaN,NaN,NaN,NaN
0000000982,0,undefined,NaN,NaN,NaN,NaN,NaN,NaN
0000000983,0,undefined,NaN,NaN,NaN,NaN,NaN,NaN
0000000984,0,undefined,NaN,NaN,NaN,NaN,NaN,NaN
0000000985,0,undefined,NaN,NaN,NaN,NaN,NaN,NaN
0000000986,0,undefined,NaN,NaN,NaN,NaN,NaN,NaN
0000000987,0,undefined,NaN,NaN,NaN,NaN,NaN,NaN
0000000988,0,undefined,NaN,NaN,NaN,NaN,NaN,NaN
0000000989,0,undefined,NaN,NaN,NaN,NaN,NaN,NaN
0000000990,0,undefined,NaN,NaN,NaN,NaN,NaN,NaN
0000000991,0,undefined,NaN,NaN,NaN,NaN,NaN,NaN
0000000992,0,undefined,NaN,NaN,NaN,NaN,NaN,NaN
0000000993,0,undefined,NaN,NaN,NaN,NaN,NaN,NaN
0000000994,0,undefined,NaN,NaN,NaN,NaN,NaN,NaN
0000000995,0,undefined,NaN,NaN,NaN,NaN,NaN,NaN
0000000996,0,undefined,NaN,NaN,NaN,NaN,NaN,NaN
0000000997,0,undefined,NaN,NaN,NaN,NaN,NaN,NaN
0000000998,0,undefined,NaN,NaN,NaN,NaN,NaN,NaN
0000000999,0,undefined,NaN,NaN,NaN,NaN,NaN,NaN